{
	"credit": "Made with Blockbench",
	"ambientocclusion": false,
	"textures": {
		"0": "blocks/detector_rail_on",
		"1": "blocks/rail",
		"particle": "blocks/detector_rail_on"
	},
	"elements": [
		{
			"name": "detector",
			"from": [5, 9, 5],
			"to": [11, 9.5, 11],
			"rotation": {"angle": 45, "axis": "x", "origin": [8, 9, 8]},
			"faces": {
				"north": {"uv": [5, 5, 11, 5.5], "rotation": 180, "texture": "#0"},
				"east": {"uv": [10.5, 5, 11, 11], "rotation": 90, "texture": "#0"},
				"south": {"uv": [5, 10.5, 11, 11], "texture": "#0"},
				"west": {"uv": [5, 5, 5.5, 11], "rotation": 270, "texture": "#0"},
				"up": {"uv": [5, 5, 11, 11], "texture": "#0"},
				"down": {"uv": [5, 11, 11, 5], "texture": "#0"}
			}
		},
		{
			"name": "east",
			"from": [12, 9, -3.5],
			"to": [14, 9.5, 19.5],
			"rotation": {"angle": 45, "axis": "x", "origin": [8, 9, 8]},
			"faces": {
				"north": {"uv": [12, 0, 14, 0.5], "rotation": 180, "texture": "#1"},
				"east": {"uv": [13.5, 0, 14, 16], "rotation": 90, "texture": "#1"},
				"south": {"uv": [12, 15.5, 14, 16], "texture": "#1"},
				"west": {"uv": [12, 0, 12.5, 16], "rotation": 270, "texture": "#1"},
				"up": {"uv": [12, 0, 14, 16], "texture": "#1"},
				"down": {"uv": [12, 0, 14, 16], "texture": "#1"}
			}
		},
		{
			"name": "west",
			"from": [2, 9, -3.5],
			"to": [4, 9.5, 19.5],
			"rotation": {"angle": 45, "axis": "x", "origin": [8, 9, 8]},
			"faces": {
				"north": {"uv": [2, 0, 4, 0.5], "rotation": 180, "texture": "#1"},
				"east": {"uv": [3.5, 0, 4, 16], "rotation": 90, "texture": "#1"},
				"south": {"uv": [2, 15.5, 4, 16], "texture": "#1"},
				"west": {"uv": [2, 0, 2.5, 16], "rotation": 270, "texture": "#1"},
				"up": {"uv": [2, 0, 4, 16], "texture": "#1"},
				"down": {"uv": [2, 0, 4, 16], "texture": "#1"}
			}
		},
		{
			"name": "1",
			"from": [1, 8, -1.5],
			"to": [15, 9, 1],
			"rotation": {"angle": 45, "axis": "x", "origin": [8, 9, 8]},
			"faces": {
				"north": {"uv": [4, 2, 12, 1], "texture": "#1"},
				"east": {"uv": [14, 1, 15, 3], "rotation": 90, "texture": "#1"},
				"south": {"uv": [4, 2, 12, 3], "texture": "#1"},
				"west": {"uv": [1, 1, 2, 3], "rotation": 270, "texture": "#1"},
				"up": {"uv": [1, 1, 15, 3], "texture": "#1"},
				"down": {"uv": [4, 3, 12, 1], "texture": "#1"}
			}
		},
		{
			"name": "2",
			"from": [1, 8, 4],
			"to": [15, 9, 6.5],
			"rotation": {"angle": 45, "axis": "x", "origin": [8, 9, 8]},
			"faces": {
				"north": {"uv": [4, 6, 12, 5], "texture": "#1"},
				"east": {"uv": [14, 5, 15, 7], "rotation": 90, "texture": "#1"},
				"south": {"uv": [4, 6, 12, 7], "texture": "#1"},
				"west": {"uv": [1, 5, 2, 7], "rotation": 270, "texture": "#1"},
				"up": {"uv": [1, 5, 15, 7], "texture": "#1"},
				"down": {"uv": [4, 7, 12, 5], "texture": "#1"}
			}
		},
		{
			"name": "3",
			"from": [1, 8, 9.5],
			"to": [15, 9, 12],
			"rotation": {"angle": 45, "axis": "x", "origin": [8, 9, 8]},
			"faces": {
				"north": {"uv": [4, 10, 12, 9], "texture": "#1"},
				"east": {"uv": [14, 9, 15, 11], "rotation": 90, "texture": "#1"},
				"south": {"uv": [4, 10, 12, 11], "texture": "#1"},
				"west": {"uv": [1, 9, 2, 11], "rotation": 270, "texture": "#1"},
				"up": {"uv": [1, 9, 15, 11], "texture": "#1"},
				"down": {"uv": [4, 11, 12, 9], "texture": "#1"}
			}
		},
		{
			"name": "4",
			"from": [1, 8, 15],
			"to": [15, 9, 17.5],
			"rotation": {"angle": 45, "axis": "x", "origin": [8, 9, 8]},
			"faces": {
				"north": {"uv": [4, 14, 12, 13], "texture": "#1"},
				"east": {"uv": [14, 13, 15, 15], "rotation": 90, "texture": "#1"},
				"south": {"uv": [4, 14, 12, 15], "texture": "#1"},
				"west": {"uv": [1, 13, 2, 15], "rotation": 270, "texture": "#1"},
				"up": {"uv": [1, 13, 15, 15], "texture": "#1"},
				"down": {"uv": [4, 15, 12, 13], "texture": "#1"}
			}
		}
	],
	"groups": [
		{
			"name": "group",
			"origin": [8, 8, 8],
			"color": 0,
			"children": [
				0,
				{
					"name": "rail",
					"origin": [8, 8, 8],
					"color": 0,
					"children": [1, 2]
				},
				{
					"name": "sleeper",
					"origin": [8, 8, 8],
					"color": 0,
					"children": [3, 4, 5, 6]
				}
			]
		}
	]
}