{
	"credit": "Made with Blockbench",
	"parent": "powered_rail",
	"texture_size": [32, 32],
	"textures": {
		"0": "blocks/rail",
		"1": "blocks/powered_rail_on",
		"particle": "blocks/powered_rail_on"
	},
	"elements": [
		{
			"name": "east",
			"from": [12, 1, 0],
			"to": [14, 1.5, 16],
			"faces": {
				"north": {"uv": [12, 0, 14, 0.5], "rotation": 180, "texture": "#0", "cullface": "north"},
				"east": {"uv": [2, 0, 2.5, 16], "rotation": 270, "texture": "#0"},
				"south": {"uv": [12, 15.5, 14, 16], "texture": "#0", "cullface": "south"},
				"west": {"uv": [12, 0, 12.5, 16], "rotation": 270, "texture": "#0"},
				"up": {"uv": [12, 0, 14, 16], "texture": "#0"},
				"down": {"uv": [12, 0, 14, 16], "texture": "#0"}
			}
		},
		{
			"name": "west",
			"from": [2, 1, 0],
			"to": [4, 1.5, 16],
			"faces": {
				"north": {"uv": [2, 0, 4, 0.5], "rotation": 180, "texture": "#0", "cullface": "north"},
				"east": {"uv": [3.5, 0, 4, 16], "rotation": 90, "texture": "#0"},
				"south": {"uv": [2, 15.5, 4, 16], "texture": "#0", "cullface": "south"},
				"west": {"uv": [2, 0, 2.5, 16], "rotation": 270, "texture": "#0"},
				"up": {"uv": [2, 0, 4, 16], "texture": "#0"},
				"down": {"uv": [2, 0, 4, 16], "texture": "#0"}
			}
		},
		{
			"name": "east",
			"from": [11, 0.8, 0],
			"to": [12, 1.3, 16],
			"faces": {
				"north": {"uv": [12, 0, 11.5, 0.5], "texture": "#1", "cullface": "north"},
				"east": {"uv": [11.5, 0, 12, 16], "rotation": 90, "texture": "#1"},
				"south": {"uv": [11.5, 15.5, 12, 16], "texture": "#1", "cullface": "south"},
				"west": {"uv": [11.5, 0, 12, 16], "rotation": 270, "texture": "#1"},
				"up": {"uv": [11.5, 0, 12, 16], "texture": "#1"},
				"down": {"uv": [11.5, 0, 12, 16], "texture": "#1"}
			}
		},
		{
			"name": "west",
			"from": [4, 0.8, 0],
			"to": [5, 1.3, 16],
			"faces": {
				"north": {"uv": [4, 0, 4.5, 0.5], "texture": "#1", "cullface": "north"},
				"east": {"uv": [11.5, 0, 12, 16], "rotation": 90, "texture": "#1"},
				"south": {"uv": [4, 15.5, 4.5, 16], "texture": "#1", "cullface": "south"},
				"west": {"uv": [4, 0, 4.5, 16], "rotation": 270, "texture": "#1"},
				"up": {"uv": [4, 0, 4.5, 16], "texture": "#1"},
				"down": {"uv": [4, 0, 4.5, 16], "texture": "#1"}
			}
		},
		{
			"name": "1",
			"from": [1, 0, 1],
			"to": [15, 1, 3],
			"faces": {
				"north": {"uv": [12, 2, 4, 1], "texture": "#0"},
				"east": {"uv": [14, 1, 15, 3], "rotation": 90, "texture": "#0"},
				"south": {"uv": [4, 2, 12, 3], "texture": "#0"},
				"west": {"uv": [1, 1, 2, 3], "rotation": 270, "texture": "#0"},
				"up": {"uv": [1, 1, 15, 3], "texture": "#1"},
				"down": {"uv": [4, 3, 12, 1], "texture": "#0", "cullface": "down"}
			}
		},
		{
			"name": "2",
			"from": [1, 0, 5],
			"to": [15, 1, 7],
			"faces": {
				"north": {"uv": [12, 6, 4, 5], "texture": "#0"},
				"east": {"uv": [14, 5, 15, 7], "rotation": 90, "texture": "#0"},
				"south": {"uv": [4, 6, 12, 7], "texture": "#0"},
				"west": {"uv": [1, 5, 2, 7], "rotation": 270, "texture": "#0"},
				"up": {"uv": [1, 5, 15, 7], "texture": "#1"},
				"down": {"uv": [4, 7, 12, 5], "texture": "#0", "cullface": "down"}
			}
		},
		{
			"name": "3",
			"from": [1, 0, 9],
			"to": [15, 1, 11],
			"faces": {
				"north": {"uv": [12, 10, 4, 9], "texture": "#0"},
				"east": {"uv": [14, 9, 15, 11], "rotation": 90, "texture": "#0"},
				"south": {"uv": [4, 10, 12, 11], "texture": "#0"},
				"west": {"uv": [1, 9, 2, 11], "rotation": 270, "texture": "#0"},
				"up": {"uv": [1, 9, 15, 11], "texture": "#1"},
				"down": {"uv": [4, 11, 12, 9], "texture": "#0", "cullface": "down"}
			}
		},
		{
			"name": "4",
			"from": [1, 0, 13],
			"to": [15, 1, 15],
			"faces": {
				"north": {"uv": [12, 14, 4, 13], "texture": "#0"},
				"east": {"uv": [14, 13, 15, 15], "rotation": 90, "texture": "#0"},
				"south": {"uv": [4, 14, 12, 15], "texture": "#0"},
				"west": {"uv": [1, 13, 2, 15], "rotation": 270, "texture": "#0"},
				"up": {"uv": [1, 13, 15, 15], "texture": "#1"},
				"down": {"uv": [4, 15, 12, 13], "texture": "#0", "cullface": "down"}
			}
		},
		{
			"name": "1",
			"from": [7, 0, 3],
			"to": [9, 0.5, 5],
			"rotation": {"angle": 0, "axis": "y", "origin": [8, 7.75, 8]},
			"faces": {
				"north": {"uv": [0, 0, 0, 0], "texture": "#1"},
				"east": {"uv": [8.5, 3, 9, 5], "rotation": 90, "texture": "#1"},
				"south": {"uv": [0, 0, 0, 0], "texture": "#1"},
				"west": {"uv": [7, 3, 7.5, 5], "rotation": 270, "texture": "#1"},
				"up": {"uv": [7, 3, 9, 5], "texture": "#1"},
				"down": {"uv": [7, 3, 9, 5], "texture": "#1", "cullface": "down"}
			}
		},
		{
			"name": "2",
			"from": [7, 0, 7],
			"to": [9, 0.5, 9],
			"rotation": {"angle": 0, "axis": "y", "origin": [8, 7.75, 12]},
			"faces": {
				"north": {"uv": [0, 0, 0, 0], "texture": "#1"},
				"east": {"uv": [8.5, 7, 9, 9], "rotation": 90, "texture": "#1"},
				"south": {"uv": [0, 0, 0, 0], "texture": "#1"},
				"west": {"uv": [7, 7, 7.5, 9], "rotation": 270, "texture": "#1"},
				"up": {"uv": [7, 7, 9, 9], "texture": "#1"},
				"down": {"uv": [7, 7, 9, 9], "texture": "#1", "cullface": "down"}
			}
		},
		{
			"name": "3",
			"from": [7, 0, 11],
			"to": [9, 0.5, 13],
			"rotation": {"angle": 0, "axis": "y", "origin": [8, 7.75, 16]},
			"faces": {
				"north": {"uv": [0, 0, 0, 0], "texture": "#1"},
				"east": {"uv": [8.5, 11, 9, 13], "rotation": 90, "texture": "#1"},
				"south": {"uv": [0, 0, 0, 0], "texture": "#1"},
				"west": {"uv": [7, 11, 7.5, 13], "rotation": 270, "texture": "#1"},
				"up": {"uv": [7, 11, 9, 13], "texture": "#1"},
				"down": {"uv": [7, 11, 9, 13], "texture": "#1", "cullface": "down"}
			}
		}
	],
	"groups": [
		{
			"name": "powered_rail",
			"origin": [8, 8, 8],
			"color": 0,
			"children": [
				{
					"name": "group",
					"origin": [8, 8, 8],
					"color": 0,
					"children": [
						{
							"name": "rail",
							"origin": [8, 8, 8],
							"color": 0,
							"children": [
								{
									"name": "track",
									"origin": [8, 8, 8],
									"color": 0,
									"children": [0, 1]
								},
								{
									"name": "boost",
									"origin": [8, 8.5, 8],
									"color": 0,
									"children": [2, 3]
								}
							]
						},
						{
							"name": "sleeper",
							"origin": [8, 8, 8],
							"color": 0,
							"children": [
								4,
								5,
								6,
								7,
								{
									"name": "redstone",
									"origin": [8, 7.75, 8],
									"color": 0,
									"children": [8, 9, 10]
								}
							]
						}
					]
				}
			]
		}
	]
}