{
	"credit": "Made with Blockbench",
	"parent": "rail",
	"texture_size": [32, 32],
	"textures": {
		"0": "blocks/rail",
		"particle": "blocks/rail"
	},
	"elements": [
		{
			"name": "east",
			"from": [12, 1, 0],
			"to": [14, 1.5, 16],
			"faces": {
				"north": {"uv": [12, 15.5, 14, 16], "rotation": 180, "texture": "#0", "cullface": "north"},
				"east": {"uv": [13.5, 0, 14, 16], "rotation": 90, "texture": "#0"},
				"south": {"uv": [12, 0, 14, 0.5], "texture": "#0", "cullface": "south"},
				"west": {"uv": [12, 0, 12.5, 16], "rotation": 270, "texture": "#0"},
				"up": {"uv": [12, 0, 14, 16], "texture": "#0"},
				"down": {"uv": [12, 0, 14, 16], "texture": "#0"}
			}
		},
		{
			"name": "west",
			"from": [2, 1, 0],
			"to": [4, 1.5, 16],
			"faces": {
				"north": {"uv": [2, 15.5, 4, 16], "rotation": 180, "texture": "#0", "cullface": "north"},
				"east": {"uv": [3.5, 0, 4, 16], "rotation": 90, "texture": "#0"},
				"south": {"uv": [2, 0, 4, 0.5], "texture": "#0", "cullface": "south"},
				"west": {"uv": [2, 0, 2.5, 16], "rotation": 270, "texture": "#0"},
				"up": {"uv": [2, 0, 4, 16], "texture": "#0"},
				"down": {"uv": [2, 0, 4, 16], "texture": "#0"}
			}
		},
		{
			"name": "1",
			"from": [1, 0, 1],
			"to": [15, 1, 3],
			"faces": {
				"north": {"uv": [4, 1.875, 12, 1], "texture": "#0"},
				"east": {"uv": [14, 1, 15, 3], "rotation": 90, "texture": "#0"},
				"south": {"uv": [4, 2, 12, 3], "texture": "#0"},
				"west": {"uv": [1, 1, 2, 3], "rotation": 270, "texture": "#0"},
				"up": {"uv": [1, 1, 15, 3], "texture": "#0"},
				"down": {"uv": [4, 3, 12, 1], "texture": "#0", "cullface": "down"}
			}
		},
		{
			"name": "2",
			"from": [1, 0, 5],
			"to": [15, 1, 7],
			"faces": {
				"north": {"uv": [4, 5.875, 12, 5], "texture": "#0"},
				"east": {"uv": [14, 5, 15, 7], "rotation": 90, "texture": "#0"},
				"south": {"uv": [4, 6, 12, 7], "texture": "#0"},
				"west": {"uv": [1, 5, 2, 7], "rotation": 270, "texture": "#0"},
				"up": {"uv": [1, 5, 15, 7], "texture": "#0"},
				"down": {"uv": [4, 7, 12, 5], "texture": "#0", "cullface": "down"}
			}
		},
		{
			"name": "3",
			"from": [1, 0, 9],
			"to": [15, 1, 11],
			"faces": {
				"north": {"uv": [4, 9.875, 12, 9], "texture": "#0"},
				"east": {"uv": [14, 9, 15, 11], "rotation": 90, "texture": "#0"},
				"south": {"uv": [4, 10, 12, 11], "texture": "#0"},
				"west": {"uv": [1, 9, 2, 11], "rotation": 270, "texture": "#0"},
				"up": {"uv": [1, 9, 15, 11], "texture": "#0"},
				"down": {"uv": [4, 11, 12, 9], "texture": "#0", "cullface": "down"}
			}
		},
		{
			"name": "4",
			"from": [1, 0, 13],
			"to": [15, 1, 15],
			"faces": {
				"north": {"uv": [4, 13.875, 12, 13], "texture": "#0"},
				"east": {"uv": [14, 13, 15, 15], "rotation": 90, "texture": "#0"},
				"south": {"uv": [4, 14, 12, 15], "texture": "#0"},
				"west": {"uv": [1, 13, 2, 15], "rotation": 270, "texture": "#0"},
				"up": {"uv": [1, 13, 15, 15], "texture": "#0"},
				"down": {"uv": [4, 15, 12, 13], "texture": "#0", "cullface": "down"}
			}
		}
	],
	"groups": [
		{
			"name": "rail",
			"origin": [8, 8, 8],
			"color": 0,
			"children": [
				{
					"name": "group",
					"origin": [8, 8, 8],
					"color": 0,
					"children": [
						{
							"name": "rail",
							"origin": [8, 8, 8],
							"color": 0,
							"children": [0, 1]
						},
						{
							"name": "sleeper",
							"origin": [8, 8, 8],
							"color": 0,
							"children": [2, 3, 4, 5]
						}
					]
				}
			]
		}
	]
}