{
	"credit": "Made with Blockbench",
	"ambientocclusion": false,
	"textures": {
		"0": "block/ladder",
		"particle": "block/ladder"
	},
	"elements": [
		{
			"name": "west",
			"from": [2, 0, 15.5],
			"to": [4, 16, 16],
			"faces": {
				"north": {"uv": [2, 0, 4, 16], "texture": "#0"},
				"east": {"uv": [2.5, 0, 3, 16], "texture": "#0"},
				"south": {"uv": [4, 0, 2, 16], "texture": "#0", "cullface": "south"},
				"west": {"uv": [3, 0, 3.5, 16], "texture": "#0"},
				"up": {"uv": [14, 0, 12, 0.5], "texture": "#0", "cullface": "up"},
				"down": {"uv": [14, 15.5, 12, 16], "texture": "#0", "cullface": "down"}
			}
		},
		{
			"name": "east",
			"from": [12, 0, 15.5],
			"to": [14, 16, 16],
			"faces": {
				"north": {"uv": [2, 0, 4, 16], "texture": "#0"},
				"east": {"uv": [12.5, 0, 13, 16], "texture": "#0"},
				"south": {"uv": [4, 0, 2, 16], "texture": "#0", "cullface": "south"},
				"west": {"uv": [13, 0, 13.5, 16], "texture": "#0"},
				"up": {"uv": [4, 0, 2, 0.5], "texture": "#0", "cullface": "up"},
				"down": {"uv": [4, 15.5, 2, 16], "texture": "#0", "cullface": "down"}
			}
		},
		{
			"name": "1",
			"from": [1, 13, 15],
			"to": [15, 15, 15.5],
			"faces": {
				"north": {"uv": [1, 1, 15, 3], "texture": "#0"},
				"east": {"uv": [1, 1, 1.5, 3], "texture": "#0"},
				"south": {"uv": [15, 1, 1, 3], "texture": "#0"},
				"west": {"uv": [14.5, 1, 15, 3], "texture": "#0"},
				"up": {"uv": [1, 1, 15, 1.5], "rotation": 180, "texture": "#0"},
				"down": {"uv": [1, 3, 15, 2.5], "rotation": 180, "texture": "#0"}
			}
		},
		{
			"name": "2",
			"from": [1, 9, 15],
			"to": [15, 11, 15.5],
			"faces": {
				"north": {"uv": [1, 5, 15, 7], "texture": "#0"},
				"east": {"uv": [1, 5, 1.5, 7], "texture": "#0"},
				"south": {"uv": [15, 5, 1, 7], "texture": "#0"},
				"west": {"uv": [14.5, 5, 15, 7], "texture": "#0"},
				"up": {"uv": [1, 5, 15, 5.5], "rotation": 180, "texture": "#0"},
				"down": {"uv": [1, 7, 15, 6.5], "rotation": 180, "texture": "#0"}
			}
		},
		{
			"name": "3",
			"from": [1, 5, 15],
			"to": [15, 7, 15.5],
			"faces": {
				"north": {"uv": [1, 9, 15, 11], "texture": "#0"},
				"east": {"uv": [1, 9, 1.5, 11], "texture": "#0"},
				"south": {"uv": [15, 9, 1, 11], "texture": "#0"},
				"west": {"uv": [14.5, 9, 15, 11], "texture": "#0"},
				"up": {"uv": [1, 9, 15, 9.5], "rotation": 180, "texture": "#0"},
				"down": {"uv": [1, 11, 15, 10.5], "rotation": 180, "texture": "#0"}
			}
		},
		{
			"name": "4",
			"from": [1, 1, 15],
			"to": [15, 3, 15.5],
			"faces": {
				"north": {"uv": [1, 13, 15, 15], "texture": "#0"},
				"east": {"uv": [1, 13, 1.5, 15], "texture": "#0"},
				"south": {"uv": [15, 13, 1, 15], "texture": "#0"},
				"west": {"uv": [14.5, 13, 15, 15], "texture": "#0"},
				"up": {"uv": [1, 13, 15, 13.5], "rotation": 180, "texture": "#0"},
				"down": {"uv": [1, 15, 15, 14.5], "rotation": 180, "texture": "#0"}
			}
		}
	],
	"groups": [
		{
			"name": "group",
			"origin": [8, 8, 8],
			"color": 0,
			"children": [
				0,
				1,
				{
					"name": "vert",
					"origin": [8, 8, 8],
					"color": 0,
					"children": [2, 3, 4, 5]
				}
			]
		}
	]
}